publication_date,job_type,job,company,city,country
2022-07-01,external,"Sr. Sales Executive, Fire Service Agreements ~ Washington DC (PUSH)",Siemens,Landover, MD
2022-07-14,external,Servicetechniker (w/m/d) für Gebäudeautomation,Siemens,Munich, Germany
2022-07-11,external,Pflichtpraktikum: Konfiguration von Stücklisten in einem PDM/PLM-Environment,Siemens,Munich, Germany
2022-06-18,external,22H004_Sales_Tokyo,Siemens,Tokyo, Japan
2022-05-05,external,Inbetriebsetzer / Servicetechniker (w/m/d) für Medientechnik,Siemens,Dresden, Germany
2022-07-16,external,DoD SkillBridge Internship - Technical Project Management - Southeast Zone,Siemens,Pensacola, FL
2022-07-09,external,Senior Project Engineer - Control Systems,Siemens,Birmingham, United Kingdom
2022-07-07,external,"CS AP Regional HQ Application Specialist, MRI",Siemens,Ho Chi Minh City, Vietnam
2022-07-01,external,Corporate Applications Engineer - Tessent (Remote),Siemens,Seattle, WA
2022-07-19,external,Werkstudent*in (w/m/d) im Technical Sales Support Gebäudeautomation,Siemens,Frankfurt, Germany
2022-05-05,external,Logistiker (w/m/d),Siemens,Rudolstadt, Germany
2022-07-07,external,Werkstudent*in (w/m/d) Equity & Compensation Services,Siemens,Munich, Germany
2022-07-14,external,Administrative Assistant (Sales) - H/F,Siemens,Paris, France
2022-07-12,external,Elektrotechniker (w/m/d) Fahrzeugelektronik,Siemens,Munich, Germany
2022-06-17,external,User Engagement Professional,Siemens,Bangalore, India
2022-07-14,external,Senior Customer Success Manager (w/m/d) Digital Workplace Solutions SaaS,Siemens,Dusseldorf, Germany
2022-06-16,external,Senior Solution Architect (w/m/d) Cybersecurity,Siemens,Saarbrücken, Germany
2022-07-12,external,Clinical Content Instructional Developer North East( entry level)- REMOTE,Siemens,United States,
2022-05-05,external,SAP Service Manager/Architect (f/m/diverse) at evosoft GmbH,Siemens,Nürnberg, Germany
2022-07-06,external,Werkstudent*in (w/m/d) im Bereich Marketing,Siemens,Munich, Germany
